code,name
1343,NF J-REITインデックスファンド
1928,積水ハウス
2003,日東富士製粉
2169,CDS
3076,あいホールディングス
3231,野村不動産ホールディングス
3333,あさひ
3817,SRAホールディングス
4008,住友精化
4540,ツムラ
4641,アルプス技研
5388,クニミネ工業
6785,鈴木
7723,愛知時計電機
7931,未来工業
7989,立川ブラインド工業
7994,オカムラ
8130,サンゲツ
8309,三井住友トラストグループ
8584,ジャックス
8593,三菱HCキャピタル
8725,MS&ADインシュアランス
9069,センコーグループHD
9364,上組
9757,船井総研HD
9769,学究社
9986,蔵王産業
4633,サカタインクス
9039,サカイ引越センター
2659,サンエー
3003,ヒューリック
3901,マークラインズ
4042,東ソー
4097,廣栄化学
4674,クロスコ
4746,東計電算
4958,太陽化学
6345,アイチ
7820,日本フラッシュ
9381,エーアイテイー
